{
    "acc": 0.9796446437812661,
    "f1": 0.9797320508416352,
    "pre": 0.9747095010252905,
    "reca": 0.9848066298342542
}