{
    "accuracy": 0.98475,
    "f1_score": 0.7489711934156379,
    "precission": 0.7982456140350878,
    "recall": 0.7054263565891473
}
