{
    "accuracy": 0.9815,
    "f1_score": 0.6442307692307693,
    "precission": 0.8481012658227848,
    "recall": 0.5193798449612403
}
