{
    "accuracy": 0.9796446437812661,
    "f1_score": 0.9797320508416352,
    "precission": 0.9747095010252905,
    "recall": 0.9848066298342542
}
