{
    "accuracy": 0.9835,
    "f1_score": 0.6857142857142857,
    "precission": 0.8888888888888888,
    "recall": 0.5581395348837209
}
