{
    "accuracy": 0.9822745503946176,
    "f1_score": 0.9823294208693409,
    "precission": 0.9736640245461519,
    "recall": 0.9911504424778761
}
