{
    "accuracy": 0.9845,
    "f1_score": 0.7459016393442623,
    "precission": 0.7913043478260869,
    "recall": 0.7054263565891473
}
