{
    "accuracy": 0.9845,
    "f1_score": 0.743801652892562,
    "precission": 0.7964601769911505,
    "recall": 0.6976744186046512
}
